Fichier;Enr;EAA;Début;Fin;Lever_Soleil_Moy;Coucher_Soleil_Moy;Longueur_Jour_Moy;Latitude;Longitude
Ifremer_1 SMM02747 - 2702_03032024 - Gaia -17,80597, -149,29421 - Carte SD 128 Go A15 extreme;Ifremer_1;SMM02747;27/02/2024;03/03/2024;05:56;18:20;12:23;-17,80597;-149,29421
Ifremer_2 SMM02940 - 2702_03032024 - Gaia -17,80483, -149,29361 - Carte SD 32 Go noire K;Ifremer_2;SMM09240;27/02/2024;03/03/2024;05:56;18:20;12:23;-17,80483;-149,29361
ILM_1 SMM09233  - 1204_170424 - Gaia -17,73177, -149,57868;ILM_1;SMM02747;12/04/2024;17/04/2024;06:08;17:47;11:38;-17,73177;-149,57868
ILM_2 SMM09080 - 1204_170424 - Gaia -17,73335, -149,57899;ILM_2;SMM09080;12/04/2024;17/04/2024;06:08;17:47;11:38;-17,73335;-149,57899
ILM_3 SMM09037 - 1204_170424 - Gaia -17,73234, -149,57782;ILM_3;SMM09285;12/04/2024;17/04/2024;06:08;17:47;11:38;-17,73234;-149,57782
Jardin_Eau_1 SMM09285 - 2803_020424 - Gaia -17,76020, -149,38919 - Carte SD 32 Go noire (PB lecture carte);Jardin_Eau_1;SMM09285;28/03/2024;02/04/2024;06:04;17:58;11:53;-17,76020;-149,38919
Jardin_Eau_2 SMM02747 - 2803_02042024 - Gaia -17,75749, -149,39176 - Carte SD 32 Go J noire;Jardin_Eau_2;SMM02747;28/03/2024;02/04/2024;06:04;17:58;11:53;-17,75749;-149,39176
Jardin_Eau_3 SMM09009 - 2803_02042024 - Gaia -17,75383, -149,39297 - Carte SD 32 Go extreme;Jardin_Eau_3;SMM09009;28/03/2024;02/04/2024;06:04;17:58;11:53;-17,75383;-149,39297
Jardin_Eau_4 SMM09307 - 2803_02042024 - Gaia -17,74614, -149,39308 - Carte SD 64 Go E27 extreme;Jardin_Eau_4;SMM09307;28/03/2024;02/04/2024;06:04;17:58;11:53;-17,749837;-149,393569
Jardin_Eau_5 SMM09037 - 2803_02042024 - Gaia -17,74614, -149,39308 - Carte SD 32 Go  G samsung;Jardin_Eau_5;SMM09037;28/03/2024;02/04/2024;06:04;17:58;11:53;-17,74614;-149,39308
Marae_1 SMM02755 - 1004_15042024 - Gaia -17,69697, -149,58110;Marae_1;SMM02755;10/04/2024;15/04/2024;06:07;11:40;06:07;-17,69697;-149,58110
Marae_2 SMM09307  - 1004_130424 - Gaia -17,69722, -149,57881;Marae_2;SMM09307;10/04/2024;13/04/2024;06:07;17:49;11:41;-17,69722;-149,57881
Marae_3 SMM09106 - 1004_160424 - Gaia -17,69643, -149,57515;Marae_3;SMM09106;10/04/2024;16/04/2024;06:07;17:48;11:40;-17,69643;-149,57515
Marae_4 SMM02747 - 1004_130424 - Gaia -17,69581, -149,57105;Marae_4;SMM02747;10/04/2024;13/04/2024;06:07;17:49;11:41;-17,69581;-149,57105
OBelvedere_1 SMM02928 - 2703_01042024 - Gaia -17,57431, -149,52287 - Carte SD 128 Go A15 extreme (mouillé);OBelvedere_1;SMM02928;27/03/2024;01/04/2024;06:04;17:59;11:54;-17,57431;-149,52287
OBelvedere_2 SMM09106 - 2703_31032024 - Gaia -17,57137, -149,52481 - Carte SD 128 Go EI extreme pro (humide) (PB lecture carte);OBelvedere_2;SMM9106;27/03/2024;31/03/2024;06:04;17:59;11:55;-17,57137;-149,52481
OBelvedere_3 SMM09228 - 2703_02042024 - Gaia -17,56843, -149,52697 - Carte SD 128 Go 44 extreme pro;OBelvedere_3;SMM09228 ;27/03/2024;02/04/2024;06:04;17:59;11:54;-17,56843;-149,52697
OBelvedere_4 SMM09234 - 2703_010424 - Gaia -17,56543, -149,52914 - Carte SD 128 Go 30 extreme pro (leger humide) (PB lecture carte);OBelvedere_4;SMM09234;27/03/2024;01/04/2024;06:04;17:59;11:54;-17,56543;-149,52914
OBelvedere_5 SMM09021 - 2703_01042024 - Gaia -17,56375, -149,53238 - Carte SD 128 Go T5 extreme;OBelvedere_5;SMM09021;27/03/2024;01/04/2024;06:04;17:59;11:54;-17,56375;-149,53238
OBelvedere_6 SMM09080 - 2703_300324 - Gaia -17,55964, -149,53662 - Carte SD 64 Go E4 extreme;OBelvedere_6;SMM09080;27/03/2024;30/03/2024;06:04;18:00;11:55;-17,55964;-149,53662
OBelvedere_6,5 SMM09021 - 0205_060524 - Gaia -17,55615, -149,53839;OBelvedere_6,5;SMM09021;02/05/2024;06/05/2024;06:12;17:35;11:22;-17,55615;-149,53839
OBelvedere_7 SMM09337 - 2703_010424 - Gaia -17,55266, -149,53922 - Carte SD 64 Go A20 extreme;OBelvedere_7;SMM09337;27/03/2024;01/04/2024;06:04;17:59;11:54;-17,55266;-149,53822
OBelvedere_7,5 SMM02553 -  0205_080524 - Gaia -17,54944, -149,54273 ;OBelvedere_7,5;SMM02553;02/05/2024;08/05/2024;06:13;17:35;11:21;-17,54944;-149,54273
OBelvedere_8 SMM02752 - 2703_02042024 - Gaia -17,54568, -149,54451 - Carte SD 32 Go 40 extreme;OBelvedere_8;SMM02752;27/03/2024;02/04/2024;06:04;17:58;11:54;-17,54568;-149,54451
OBelvedere_9 SMM02553 - 2703_01042024 - Gaia -17,53843, -149,54800 - Carte SD 64 Go extreme pro;OBelvedere_9;SMM02553;27/03/2024;01/04/2024;06:04;17:59;11:54;-17,53843;-149,54800
Papeete_2 SMM09228 - 0205_070524 - Gaia -17,53502, -149,55922;Papeete_2;SMM09228 ;02/05/2024;07/05/2024;06:13;17:35;11:22;-17,53502;-149,55922
Papeete_3 SMM09233 - 0205_070524 - Gaia -17,53199, -149,56194;Papeete_3;SMM09233;02/05/2024;07/05/2024;06:13;17:35;11:22;-17,53199;-149,56194
Papeete_4 SMM09037 - 0205_070524 - Gaia -17,53325, -149,56791;Papeete_4;SMM09037;02/05/2024;07/05/2024;06:13;17:35;11:22;-17,53325;-149,56791
Papeete_5 SMM09009 - 0205_050524 - Gaia -17,52491, -149,55676;Papeete_5;SMM09009;02/05/2024;05/05/2024;06:12;17:36;11:22;-17,52491;-149,55676
PI_Belvedere_1 SMM02752 - 1902_24022024 - B0369 - Gaia -17,78532, -149,24700 - Carte SD 64 Go disk3s1 A6 extreme pro;PI_Belvedere_1;SMM02752;19/02/2024;24/02/2024;05:53;18:25;12:31;-17,78532;-149,24700
PI_Belvedere_2 SMM02553 - 1902_24022024 - B0368 - Gaia -17,78252, -149,24942 - Carte SD 32 Go 40 extreme;PI_Belvedere_2;SMM02553;19/02/2024;24/02/2024;05:53;18:25;12:31;-17,78252;-149,24942
PI_Belvedere_3 SMM02755 - 1902_24022024 - B0371 - Gaia -17,78001, -149,25222 - Carte SD 64 Go A20 extreme (un peu eau);PI_Belvedere_3;SMM02755;19/02/2024;24/02/2024;05:53;18:25;12:31;-17,78001;-149,25222
PI_Belvedere_4 SMM09080 - 1902_24022024 - B0372 - GAIA -17,77712, -149,25440 - Carte SD 128 Go T5 extreme (mouillé);PI_Belvedere_4;SMM09080;19/02/2024;24/02/2024;05:53;18:25;12:31;-17,77712;-149,25440
PI_Belvedere_5 SMM09233 - 1902_24022024 - B0373 - Gaia -17,77749, -149,25852 - Carte SD 64 Go E4 extreme;PI_Belvedere_5;SMM09233;19/02/2024;24/02/2024;05:53;18:25;12:31;-17,77749;-149,25852
PI_Belvedere_6 SMM09337 -  1902_24022024 - B0374 - Gaia -17,77471, -149,26167 - Carte SD 64 Go E27 extreme;PI_Belvedere_6;SMM09337;19/02/2024;24/02/2024;05:53;18:25;12:31;-17,77471;-149,26167
PI_Belvedere_7 SMM09009 - 1902_24022024 - B0375 - Gaia -17,77101, -149,26569 - Carte SD 32 Go 38 extreme;PI_Belvedere_7;SMM09009;19/02/2024;24/02/2024;05:53;18:25;12:31;-17,77101;-149,26569
PI_Belvedere_8 SMM09021 - 1902_25022024 - B0376 - Gaia -17,76659, -149,26981 - Carte SD 32 Go 42 extreme;PI_Belvedere_8;SMM09021;19/02/2024;25/02/2024;05:53;18:25;12:31;-17,76659;-149,26981
PI_Belvedere_9 SMM09307 - 1902_25022024 - B0377 - Gaia -17,76375, -149,27422 - Carte SD 32 Go J noire;PI_Belvedere_9;SMM09307;19/02/2024;25/02/2024;05:53;18:25;12:31;-17,76375;-149,27422
PI_Embouchure_1 SMM09228 - 1502_20022024 - A0469 - Gaia -17,87781, -149,18525 - Carte SD 128 Go 30 extreme pro (mouille);PI_Embouchure_1;SMM09228 ;15/02/2024;20/02/2024;05:52;18:28;12:35;-17,87781;-149,18525
PI_Embouchure_2 SMM09106 - 1502_20022024 - A0470 - Gaia -17,87648, -149,18449 - Carte SD 128 Go 44 extreme pro (peu mouille);PI_Embouchure_2;SMM09106;15/02/2024;20/02/2024;05:52;18:28;12:35;-17,87648;-149,18449
PI_Embouchure_3 SMM02928 - 1502_20022024 - A0472 - Gaia -17,87360, -149,18278 - Carte SD 128 Go EI extreme pro;PI_Embouchure_3;SMM02928;15/02/2024;20/02/2024;05:52;18:28;12:35;-17,87360;-149,18278
PI_Embouchure_4 SMM09234 - 1502_21022024 - A0474 - Gaia -17,87116, -149,18017 - Carte SD 128 Go 27 extreme pro;PI_Embouchure_4;SMM09234;15/02/2024;21/02/2024;05:52;18:28;12:23;-17,87116;-149,18017
PI_Puunui_1 SMM02940 - 1902_25022024 - B0378 - GAIA -17,77881, -149,27769 - Carte SD 32Go;PI_Puunui_1;SMM02940;19/02/2024;25/02/2024;05:54;18:25;12:31;-17,77881;-149,27769
PI_Puunui_2 SMM02747 - 1902_24022024 - B0379 - GAIA -17,78095, -149,27371 - Carte SD A15 128Go;PI_Puunui_2;SMM02747;19/02/2024;24/02/2024;05:54;18:25;12:31;-17,78095;-149,27371
Punaauia_Tefautea SMM02755 - 0205_080524 - Gaia -17,60700, -149,61230;Punaauia_Tefautea;SMM02755;02/05/2024;08/05/2024;06:13;17:35;11:21;-17,60700;-149,59700
Punavai_1 SMM09337 - 1004_150424 - Gaia -17,62345, -149,61086;Punavai_1;SMM09337;10/04/2024;15/04/2024;06:07;17:48;11:40;-17,62345;-149,61086
Punavai_2 SMM02752 - 1004_110424 - Gaia -17,62143, -149,60544;Punavai_2;SMM02752;10/04/2024;11/04/2024;06:07;17:50;11:42;-17,62143;-149,60544
Punavai_3 SMM09234 - 1004_140424 - Gaia -17,62025, -149,60088 (mouille++);Punavai_3;SMM09234;10/04/2024;14/04/2024;06:07;17:49;11:41;-17,62025;-149,60088
Punavai_4 SMM09009 - 1004_170424 - Gaia -17,62003, -149,59700;Punavai_4;SMM09009;10/04/2024;17/04/2024;06:07;17:48;11:39;-17,62003;-149,59700
Punavai_5 SMM02940 - 1004_160424 - Gaia -17,61808, -149,59391 (mouille);Punavai_5;SMM02940;10/04/2024;16/04/2024;06:07;17:48;11:40;-17,61808;-149,59391
Punavai_6 SMM09021 - 1004_160424 - Gaia -17,61771, -149,58950;Punavai_6;SMM09021;10/04/2024;16/04/2024;06:07;17:48;11:40;-17,61771;-149,58950
